[
		{
		"uri": "/max-server/rest/v1.0/services/4e781b19-f61d-4497-966d-44a342d93398",
		"id": "4e781b19-f61d-4497-966d-44a342d93398",
		"name": "CreateOppAPIXX",
		"version": "1.0.1",
		"description": "Create Opp API XX",
		"title": "Create Opp API XX",
		"basePath": "/mobile/custom/CreateOppAPIXX",
		"apiDefinition": [
					"#%RAML 0.8",					"title: Create Opp API XX",					"version: 1.0.1",					"baseUri: \/mobile\/custom\/CreateOppAPIXX",					"protocols: [HTTPS]",					"mediaType: \"application\/json\"",					"schemas:",					"  - opportunity-singleton: |",					"      {",					"          \"$schema\": \"http:\/\/json-schema.org\/draft-04\/hyper-schema#\",",					"          \"name\": \"opportunity-singleton\",",					"          \"title\": \"singleton\",",					"          \"description\": \"opportunity-singleton\",",					"          \"id\": \"opportunity-singleton\",",					"          \"links\": [",					"              {",					"                  \"rel\": \"self\",",					"                  \"href\": \"\/opportunity\/{id}\"",					"              },",					"              {",					"                  \"rel\": \"canonical\",",					"                  \"href\": \"\/opportunity\/{id}\"",					"              }",					"          ],",					"          \"type\": \"object\",",					"          \"properties\": {",					"              \"id\": {",					"                  \"type\": \"string\"",					"              },",					"              \"name\": {",					"                  \"type\": \"string\"",					"              },",					"              \"owner\": {",					"                  \"type\": \"string\"",					"              },",					"              \"winProb\": {",					"                  \"type\": \"string\"",					"              },",					"              \"productName\": {",					"                  \"type\": \"string\"",					"              },",					"              \"productPrice\": {",					"                  \"type\": \"integer\"",					"              },",					"              \"productQty\": {",					"                  \"type\": \"integer\"",					"              }",					"          }",					"      }",					"  - opportunity-collection: |",					"      {",					"          \"$schema\": \"http:\/\/json-schema.org\/draft-04\/hyper-schema#\",",					"          \"name\": \"opportunity-collection\",",					"          \"title\": \"collection\",",					"          \"description\": \"opportunity-collection\",",					"          \"id\": \"opportunity-collection\",",					"          \"links\": [",					"              {",					"                  \"rel\": \"self\",",					"                  \"href\": \"\/opportunity\"",					"              },",					"              {",					"                  \"rel\": \"canonical\",",					"                  \"href\": \"\/opportunity\"",					"              }",					"          ],",					"          \"type\": \"array\",",					"          \"items\": {",					"              \"type\": \"object\",",					"              \"properties\": {",					"                  \"id\": {",					"                      \"type\": \"string\"",					"                  },",					"                  \"name\": {",					"                      \"type\": \"string\"",					"                  },",					"                  \"owner\": {",					"                      \"type\": \"string\"",					"                  },",					"                  \"winProb\": {",					"                      \"type\": \"string\"",					"                  },",					"                  \"productName\": {",					"                      \"type\": \"string\"",					"                  },",					"                  \"productPrice\": {",					"                      \"type\": \"integer\"",					"                  },",					"                  \"productQty\": {",					"                      \"type\": \"integer\"",					"                  }",					"              }",					"          }",					"      }",					"  - opportunity-create-request: |",					"      {",					"          \"$schema\": \"http:\/\/json-schema.org\/draft-04\/hyper-schema#\",",					"          \"name\": \"opportunity-create-request\",",					"          \"title\": \"create (Request)\",",					"          \"description\": \"opportunity-create-request\",",					"          \"id\": \"opportunity-create-request\",",					"          \"links\": [",					"              {",					"                  \"rel\": \"self\",",					"                  \"href\": \"\/opportunity\"",					"              },",					"              {",					"                  \"rel\": \"canonical\",",					"                  \"href\": \"\/opportunity\"",					"              }",					"          ],",					"          \"type\": \"object\",",					"          \"properties\": {",					"              \"name\": {",					"                  \"type\": \"string\"",					"              },",					"              \"owner\": {",					"                  \"type\": \"string\"",					"              },",					"              \"winProb\": {",					"                  \"type\": \"string\"",					"              },",					"              \"productName\": {",					"                  \"type\": \"string\"",					"              },",					"              \"productPrice\": {",					"                  \"type\": \"integer\"",					"              },",					"              \"productQty\": {",					"                  \"type\": \"integer\"",					"              }",					"          }",					"      }",					"  - opportunity-update-request: |",					"      {",					"          \"$schema\": \"http:\/\/json-schema.org\/draft-04\/hyper-schema#\",",					"          \"name\": \"opportunity-update-request\",",					"          \"title\": \"update (Request)\",",					"          \"description\": \"opportunity-update-request\",",					"          \"id\": \"opportunity-update-request\",",					"          \"links\": [",					"              {",					"                  \"rel\": \"self\",",					"                  \"href\": \"\/opportunity\/{id}\"",					"              },",					"              {",					"                  \"rel\": \"canonical\",",					"                  \"href\": \"\/opportunity\/{id}\"",					"              }",					"          ],",					"          \"type\": \"object\",",					"          \"properties\": {",					"              \"id\": {",					"                  \"type\": \"string\"",					"              },",					"              \"name\": {",					"                  \"type\": \"string\"",					"              },",					"              \"owner\": {",					"                  \"type\": \"string\"",					"              },",					"              \"winProb\": {",					"                  \"type\": \"string\"",					"              },",					"              \"productName\": {",					"                  \"type\": \"string\"",					"              },",					"              \"productPrice\": {",					"                  \"type\": \"integer\"",					"              },",					"              \"productQty\": {",					"                  \"type\": \"integer\"",					"              }",					"          }",					"      }",					"  - opportunity-delete: |",					"      {",					"          \"$schema\": \"http:\/\/json-schema.org\/draft-04\/hyper-schema#\",",					"          \"name\": \"opportunity-delete\",",					"          \"title\": \"delete\",",					"          \"description\": \"opportunity-delete\",",					"          \"id\": \"opportunity-delete\",",					"          \"links\": [",					"              {",					"                  \"rel\": \"self\",",					"                  \"href\": \"\/opportunity\/{id}\"",					"              },",					"              {",					"                  \"rel\": \"canonical\",",					"                  \"href\": \"\/opportunity\/{id}\"",					"              }",					"          ],",					"          \"type\": \"object\",",					"          \"properties\": {}",					"      }",					"\/opportunity:",					"  displayName: Opportunities",					"  description: |",					"    Returns a collection of Opportunities",					"  get:",					"    displayName: List Opportunities",					"    description: |",					"      Returns a collection of Opportunities",					"    protocols: [HTTPS]",					"    responses:",					"      200:",					"        description: |",					"          Description for collection",					"        body:",					"          application\/json:",					"            schema: opportunity-collection",					"            example: |",					"              [",					"                  {",					"                      \"id\": \"1558019767795\",",					"                      \"name\": \"opportunityName45\",",					"                      \"owner\": \"owner46\",",					"                      \"winProb\": \"10\",",					"                      \"productName\": \"productName48\",",					"                      \"productPrice\": 0,",					"                      \"productQty\": 0",					"                  }",					"              ]",					"  post:",					"    displayName: Create Opportunity",					"    description: |",					"      Creates a new Opportunity via POST",					"    protocols: [HTTPS]",					"    body:",					"      application\/json:",					"        schema: opportunity-create-request",					"        example: |",					"          {",					"              \"name\": \"opportunityName45\",",					"              \"owner\": \"owner46\",",					"              \"winProb\": \"10\",",					"              \"productName\": \"productName48\",",					"              \"productPrice\": 0,",					"              \"productQty\": 0",					"          }",					"    responses:",					"      200:",					"        description: |",					"          Description for create",					"        body:",					"          application\/json:",					"            schema: opportunity-singleton",					"\/opportunity\/{id}:",					"  displayName: Opportunity",					"  description: |",					"    Returns a single Opportunity",					"  uriParameters:",					"    id:",					"      displayName: id",					"      description: |",					"        URL parameter \"id\" for Resource \"opportunity\"",					"      type: string",					"      required: true",					"  get:",					"    displayName: Find Opportunity",					"    description: |",					"      Returns a single Opportunity",					"    protocols: [HTTPS]",					"    responses:",					"      200:",					"        description: |",					"          Description for singleton",					"        body:",					"          application\/json:",					"            schema: opportunity-singleton",					"            example: |",					"              {",					"                  \"id\": \"1558019767795\",",					"                  \"name\": \"opportunityName45\",",					"                  \"owner\": \"owner46\",",					"                  \"winProb\": \"10\",",					"                  \"productName\": \"productName48\",",					"                  \"productPrice\": 0,",					"                  \"productQty\": 0",					"              }",					"  patch:",					"    displayName: Edit Opportunity",					"    description: |",					"      Updates an existing instance of Opportunity",					"    protocols: [HTTPS]",					"    body:",					"      application\/json:",					"        schema: opportunity-update-request",					"        example: |",					"          {",					"              \"id\": \"1558019767795\",",					"              \"name\": \"opportunityName45\",",					"              \"owner\": \"owner46\",",					"              \"winProb\": \"10\",",					"              \"productName\": \"productName48\",",					"              \"productPrice\": 0,",					"              \"productQty\": 0",					"          }",					"    responses:",					"      200:",					"        description: |",					"          Description for update",					"        body:",					"          application\/json:",					"            schema: opportunity-singleton",					"  delete:",					"    displayName: Delete Opportunity",					"    description: |",					"      Delete an instance of Opportunity",					"    protocols: [HTTPS]",					"    responses:",					"      200:",					"        description: |",					"          Description for delete",					"        body:",					"          application\/json:",					"            schema: opportunity-delete",					"            example: |",					"              {}"			  	]
	}	]
