{"apiVersion":"1.0","swaggerVersion":"1.2","basePath":"/mobile/custom/CreateOppAPIXX","apis":[{"path":"/opportunity","description":"Returns a collection of Opportunities","operations":[{"description":"opportunity-collection","type":"array","items":{"$ref":"model1"},"example":"[\n    {\n        \"id\": \"1558019767795\",\n        \"name\": \"opportunityName45\",\n        \"owner\": \"owner46\",\n        \"winProb\": \"10\",\n        \"productName\": \"productName48\",\n        \"productPrice\": 0,\n        \"productQty\": 0\n    }\n]\n","method":"GET","nickname":"GET","parameters":[],"summary":"List Opportunities","notes":"Returns a collection of Opportunities","responseMessages":[{"code":200,"message":"Description for collection"}],"produces":["application/json"]},{"type":"opportunity-singleton","method":"POST","nickname":"POST","parameters":[{"name":"body","type":"opportunity-create-request","example":"{\n    \"name\": \"opportunityName45\",\n    \"owner\": \"owner46\",\n    \"winProb\": \"10\",\n    \"productName\": \"productName48\",\n    \"productPrice\": 0,\n    \"productQty\": 0\n}\n","paramType":"body"}],"summary":"Create Opportunity","notes":"Creates a new Opportunity via POST","responseMessages":[{"code":200,"message":"Description for create","model":"opportunity-singleton"}],"produces":["application/json"],"consumes":["application/json"]}]},{"path":"/opportunity/{id}","description":"Returns a single Opportunity","operations":[{"type":"opportunity-singleton","example":"{\n    \"id\": \"1558019767795\",\n    \"name\": \"opportunityName45\",\n    \"owner\": \"owner46\",\n    \"winProb\": \"10\",\n    \"productName\": \"productName48\",\n    \"productPrice\": 0,\n    \"productQty\": 0\n}\n","method":"GET","nickname":"GET","parameters":[{"name":"id","description":"URL parameter \"id\" for Resource \"opportunity\"","type":"string","paramType":"path","allowMultiple":false,"required":true}],"summary":"Find Opportunity","notes":"Returns a single Opportunity","responseMessages":[{"example":"{\n    \"id\": \"1558019767795\",\n    \"name\": \"opportunityName45\",\n    \"owner\": \"owner46\",\n    \"winProb\": \"10\",\n    \"productName\": \"productName48\",\n    \"productPrice\": 0,\n    \"productQty\": 0\n}\n","code":200,"message":"Description for singleton","model":"opportunity-singleton"}],"produces":["application/json"]},{"type":"opportunity-singleton","method":"PATCH","nickname":"PATCH","parameters":[{"name":"id","description":"URL parameter \"id\" for Resource \"opportunity\"","type":"string","paramType":"path","allowMultiple":false,"required":true},{"name":"body","type":"opportunity-update-request","example":"{\n    \"id\": \"1558019767795\",\n    \"name\": \"opportunityName45\",\n    \"owner\": \"owner46\",\n    \"winProb\": \"10\",\n    \"productName\": \"productName48\",\n    \"productPrice\": 0,\n    \"productQty\": 0\n}\n","paramType":"body"}],"summary":"Edit Opportunity","notes":"Updates an existing instance of Opportunity","responseMessages":[{"code":200,"message":"Description for update","model":"opportunity-singleton"}],"produces":["application/json"],"consumes":["application/json"]},{"type":"opportunity-delete","example":"{}","method":"DELETE","nickname":"DELETE","parameters":[{"name":"id","description":"URL parameter \"id\" for Resource \"opportunity\"","type":"string","paramType":"path","allowMultiple":false,"required":true}],"summary":"Delete Opportunity","notes":"Delete an instance of Opportunity","responseMessages":[{"example":"{}","code":200,"message":"Description for delete","model":"opportunity-delete"}],"produces":["application/json"]}]}],"models":{"model1":{"id":"model1","properties":{"owner":{"name":"owner","type":"string"},"winProb":{"name":"winProb","type":"string"},"name":{"name":"name","type":"string"},"id":{"name":"id","type":"string"},"productQty":{"name":"productQty","type":"integer","format":"int64"},"productName":{"name":"productName","type":"string"},"productPrice":{"name":"productPrice","type":"integer","format":"int64"}}},"opportunity-singleton":{"id":"opportunity-singleton","description":"opportunity-singleton","properties":{"owner":{"name":"owner","type":"string"},"winProb":{"name":"winProb","type":"string"},"name":{"name":"name","type":"string"},"id":{"name":"id","type":"string"},"productQty":{"name":"productQty","type":"integer","format":"int64"},"productName":{"name":"productName","type":"string"},"productPrice":{"name":"productPrice","type":"integer","format":"int64"}}},"opportunity-create-request":{"id":"opportunity-create-request","description":"opportunity-create-request","properties":{"owner":{"name":"owner","type":"string"},"winProb":{"name":"winProb","type":"string"},"name":{"name":"name","type":"string"},"productQty":{"name":"productQty","type":"integer","format":"int64"},"productName":{"name":"productName","type":"string"},"productPrice":{"name":"productPrice","type":"integer","format":"int64"}}},"opportunity-delete":{"id":"opportunity-delete","description":"opportunity-delete"},"opportunity-update-request":{"id":"opportunity-update-request","description":"opportunity-update-request","properties":{"owner":{"name":"owner","type":"string"},"winProb":{"name":"winProb","type":"string"},"name":{"name":"name","type":"string"},"id":{"name":"id","type":"string"},"productQty":{"name":"productQty","type":"integer","format":"int64"},"productName":{"name":"productName","type":"string"},"productPrice":{"name":"productPrice","type":"integer","format":"int64"}}}},"produces":["application/json"],"consumes":["application/json"],"info":{"title":"CreateOppAPIXX","description":"Create Opp API XX"}}