
{
    "apiName":"CreateOppAPIXX",
    "apiVersion":"1.0",
    "apiId":"589d6f65-544a-4db9-b618-868e7f55a08a",
    "baseUrl":"https://9CA39D56CCA04630A0AA2C7BBCCF2CAA.mobile.ocp.oraclecloud.com:443",
    "tokenEndpoint":"https://idcs-d4146207d28945df8e14a615d66b50c2.identity.oraclecloud.com/oauth2/v1/token",
    "backend":{
        "backendId":"<YOUR_BACKEND_ID>",
        "backendName":"<YOUR_BACKEND_NAME>",
        "backendVersion":"<YOUR_BACKEND_VERSION>",
        "authorization":{
            "anonymousKey":"<BACKEND_ANONYMOUS_KEY>",
            "clientId":"<BACKEND_CLIENT_ID>",
            "clientSecret":"<BACKEND_CLIENT_SECRET>"
        }
    },
    "tools":{
        "deployment":{
            "tempDirectory":"c:\\tmp\\mcs-deploy"
        },
        "authorization":{
            "clientId":"<OMCE_TM_APP_CLIENT_ID>",
            "clientSecret":"<OMCE_TM_APP_CLIENT_SECRET>"
        }
    },
    "container":{
        "oracleMobileApiName":"OracleMobileAPI",
        "port":4000
    },
    "tests":{
        "postOpportunity":{
            "method":"POST",
            "resource":"/opportunity",
            "payload":{
                "name":"opportunityName45",
                "owner":"owner46",
                "winProb":"10",
                "productName":"productName48",
                "productPrice":0,
                "productQty":0
            }
        },
        "getOpportunity":{
            "method":"GET",
            "resource":"/opportunity"
        },
        "deleteOpportunityId":{
            "method":"DELETE",
            "resource":"/opportunity/:id",
            "uriParameters":{
                "id":"<PARAMETER_VALUE>"
            }
        },
        "getOpportunityId":{
            "method":"GET",
            "resource":"/opportunity/:id",
            "uriParameters":{
                "id":"<PARAMETER_VALUE>"
            }
        }
    }
}